"Qty";"Value";"Device";"Package";"Parts";"Description";"ARROW_PART_NUMBER";"ARROW_PRICE-STOCK";"AVAILABILITY";"DESCRIPTION";"HEIGHT";"MANUFACTURER_NAME";"MANUFACTURER_PART_NUMBER";"MF";"MOUSER-PURCHASE-URL";"MOUSER_PART_NUMBER";"MOUSER_PRICE-STOCK";"MP";"MPN";"OC_FARNELL";"OC_NEWARK";"PACKAGE";"POPULARITY";"PRICE";"PROD_ID";"SF_ID";"SF_SKU";"TEXAS_INSTRUMENTS-PURCHASE-URL";"TP_SIGNAL_NAME";
"1";"";"2PIN-2.54MM-POLARPOLAR";"MOLEX-1X2";"J3";"Multi connection point. Often used as Generic Header-pin footprint for 0.1 inch spaced/style header connections";"";"";"";"";"";"";"";"";"";"";"";"";"";"";"";"";"";"";"";"PRT-09918";"";"";"";
"1";"";"6_PIN_SERIAL_TARGETSILK";"6_PIN_SERIAL_TARGET_SIDE_W_SILK";"J5";"6-pin header connection for use with the "FTDI BASIC" pinout - TARGET SIDE.";"";"";"";"";"";"";"";"";"";"";"";"";"";"";"";"";"";"";"";"";"";"";"";
"1";"";"CONN_04PTH";"1X04";"J4";"Multi connection point. Often used as Generic Header-pin footprint for 0.1 inch spaced/style header connections";"";"";"";"";"";"";"";"";"";"";"";"";"";"";"";"";"";"";"CONN-09696";"";"";"";"";
"3";"";"LED-5MM-REC5MM";"LED_5MM";"FULL, LOW, SYS";"LED (Generic)";"";"";"";"";"";"";"";"";"";"";"";"";"";"";"";"";"";"";"";"";"";"";"";
"3";"";"SCREW-CONN_03-SCREW-5MM";"SCREWTERMINAL-5MM-3";"AC_IN, MOTOR, TANK";"Multi connection point. Often used as Generic Header-pin footprint for 0.1 inch spaced/style header connections";"";"";"";"";"";"";"";"";"";"";"";"";"";"";"";"";"";"";"CONN-10134";"";"PRT-08433";"";"";
"2";"";"TRANSISTOR_NPNWIDE";"SOT23-WIDE";"Q1, Q2";"NPN Transistor";"";"";"";"";"";"";"";"";"";"";"";"";"";"";"";"";"";"";"";"";"";"";"";
"1";"0.1uF";"CAP_CERAMIC0805";"C0805";"C8";"Ceramic Capacitors";"";"";"";"";"";"";"";"";"";"";"";"";"";"";"";"";"";"";"";"";"";"";"";
"7";"10K";"RESISTOR0805";"R0805";"R1, R2, R3, R4, R5, R9, R10";"Resistors";"";"";"";"";"";"";"";"";"";"";"";"";"";"";"";"";"";"";"";"";"";"";"";
"2";"1N4148WS-7-F";"1N4148WS-7-F";"SOD2513X120N";"D1, D3";"Diode Switching 150mA 75V 200mW SOD323 Diodes Inc 1N4148WS-7-F Switching Diode, 150mA 75V, 2-Pin SOD-323";"1N4148WS-7-F";"https://www.arrow.com/en/products/1n4148ws-7-f/diodes-incorporated";"";"Diode Switching 150mA 75V 200mW SOD323 Diodes Inc 1N4148WS-7-F Switching Diode, 150mA 75V, 2-Pin SOD-323";"1.2mm";"Diodes Inc.";"1N4148WS-7-F";"";"";"621-1N4148WS-F";"https://www.mouser.co.uk/ProductDetail/Diodes-Incorporated/1N4148WS-7-F?qs=4drIV0IxA0r8aNy7%2Fu4kVw%3D%3D";"";"";"";"";"";"";"";"";"";"";"";"";
"3";"1uF";"CAP_CERAMIC0805";"C0805";"C1, C2, C7";"Ceramic Capacitors";"";"";"";"";"";"";"";"";"";"";"";"";"";"";"";"";"";"";"";"";"";"";"";
"3";"330";"RESISTOR0805";"R0805";"R6, R7, R8";"Resistors";"";"";"";"";"";"";"";"";"";"";"";"";"";"";"";"";"";"";"";"";"";"";"";
"1";"F/TMB";"F/TMB";"F/TMB";"SG1";"BUZZER Source: Buerklin";"";"";"";"";"";"";"";"";"";"";"";"";"";"unknown";"unknown";"";"1";"";"";"";"";"";"";
"1";"HLK-PM03";"HLK-PM03";"CONV_HLK-PM03";"PS1";"AC DC 3W power module";"";"";"Unavailable";" ";"";"";"";"Hi-link";"";"";"";"HLK-PM03";"";"";"";"Package ";"";"None";"";"";"";"";"";
"1";"LM1117MPX-3.3";"LM1117MPX-3.3";"VREG_LM1117MPX-3.3";"VR1";"800-mA 15-V linear voltage regulator 4-SOT-223 0 to 125  Check prices";"";"";"Warning";" 800-mA 15-V linear voltage regulator 4-SOT-223 ";"";"";"";"Texas Instruments";"https://snapeda.com/shop?store=Mouser&id=78946";"";"";"LM1117MPX-3.3";"";"";"";"SOT-223-4 Texas Instruments";"";"None";"";"";"";"https://snapeda.com/shop?store=Texas+Instruments&id=78946";"";
"1";"OSHWLOGOLOGO16MM";"OSHWLOGOLOGO16MM";"OSHW_16MM";"GOLD_ORB_SM1";"The OSHW logo for PCB layout";"";"";"";"";"";"";"";"";"";"";"";"";"";"";"";"";"";"";"";"";"";"";"";
"1";"RELAY-SPDT";"RELAY-SPDT";"RELAY_G5LE";"K1";"SPDT Electromechanical Relay";"";"";"";"";"";"";"";"";"";"";"";"";"";"";"";"";"";"";"COMP-14214";"";"";"";"";
"1";"STM8S003F3P6";"STM8S003F3P6";"SOP65P640X120-20N";"IC2";"STMICROELECTRONICS - STM8S003F3P6 - MCU, 8BIT, STM8, 16MHZ, TSSOP-20";"STM8S003F3P6";"https://www.arrow.com/en/products/stm8s003f3p6/stmicroelectronics";"";"STMICROELECTRONICS - STM8S003F3P6 - MCU, 8BIT, STM8, 16MHZ, TSSOP-20";"1.2mm";"STMicroelectronics";"STM8S003F3P6";"";"";"511-STM8S003F3P6";"https://www.mouser.co.uk/ProductDetail/STMicroelectronics/STM8S003F3P6?qs=vV0pr1uq7fD%252BGii5YhjnYw%3D%3D";"";"";"";"";"";"";"";"";"";"";"";"";
"5";"TPSQTP20R";"TPSQTP20R";"TP20R";"A0, D2, D4, SCL, SDA";"Test pad";"";"";"";"";"";"";"";"";"";"";"";"";"";"";"";"";"";"";"";"";"";"";"";
