"Part";"Value";"Device";"Package";"Description";"ARROW_PART_NUMBER";"ARROW_PRICE-STOCK";"AVAILABILITY";"BOM";"DESCRIPTION";"HEIGHT";"MANUFACTURER_NAME";"MANUFACTURER_PART_NUMBER";"MF";"MOUSER-PURCHASE-URL";"MOUSER_PART_NUMBER";"MOUSER_PRICE-STOCK";"MP";"MPN";"OC_FARNELL";"OC_NEWARK";"PACKAGE";"POPULARITY";"PRICE";"PROD_ID";"SF_ID";"SF_SKU";"TEXAS_INSTRUMENTS-PURCHASE-URL";"TP_SIGNAL_NAME";
"A0";"TPSQTP20R";"TPSQTP20R";"TP20R";"Test pad";"";"";"";"";"";"";"";"";"";"";"";"";"";"";"";"";"";"";"";"";"";"";"";"";
"AC_IN";"";"SCREW-CONN_03-SCREW-5MM";"SCREWTERMINAL-5MM-3";"Multi connection point. Often used as Generic Header-pin footprint for 0.1 inch spaced/style header connections";"";"";"";"";"";"";"";"";"";"";"";"";"";"";"";"";"";"";"";"CONN-10134";"";"PRT-08433";"";"";
"C1";"1uF";"CAP_CERAMIC0805";"C0805";"Ceramic Capacitors";"";"";"";"";"";"";"";"";"";"";"";"";"";"";"";"";"";"";"";"";"";"";"";"";
"C2";"1uF";"CAP_CERAMIC0805";"C0805";"Ceramic Capacitors";"";"";"";"";"";"";"";"";"";"";"";"";"";"";"";"";"";"";"";"";"";"";"";"";
"C7";"1uF";"CAP_CERAMIC0805";"C0805";"Ceramic Capacitors";"";"";"";"";"";"";"";"";"";"";"";"";"";"";"";"";"";"";"";"";"";"";"";"";
"C8";"0.1uF";"CAP_CERAMIC0805";"C0805";"Ceramic Capacitors";"";"";"";"";"";"";"";"";"";"";"";"";"";"";"";"";"";"";"";"";"";"";"";"";
"D1";"1N4148WS-7-F";"1N4148WS-7-F";"SOD2513X120N";"Diode Switching 150mA 75V 200mW SOD323 Diodes Inc 1N4148WS-7-F Switching Diode, 150mA 75V, 2-Pin SOD-323";"1N4148WS-7-F";"https://www.arrow.com/en/products/1n4148ws-7-f/diodes-incorporated";"";"";"Diode Switching 150mA 75V 200mW SOD323 Diodes Inc 1N4148WS-7-F Switching Diode, 150mA 75V, 2-Pin SOD-323";"1.2mm";"Diodes Inc.";"1N4148WS-7-F";"";"";"621-1N4148WS-F";"https://www.mouser.co.uk/ProductDetail/Diodes-Incorporated/1N4148WS-7-F?qs=4drIV0IxA0r8aNy7%2Fu4kVw%3D%3D";"";"";"";"";"";"";"";"";"";"";"";"";
"D2";"TPSQTP20R";"TPSQTP20R";"TP20R";"Test pad";"";"";"";"";"";"";"";"";"";"";"";"";"";"";"";"";"";"";"";"";"";"";"";"";
"D3";"1N4148WS-7-F";"1N4148WS-7-F";"SOD2513X120N";"Diode Switching 150mA 75V 200mW SOD323 Diodes Inc 1N4148WS-7-F Switching Diode, 150mA 75V, 2-Pin SOD-323";"1N4148WS-7-F";"https://www.arrow.com/en/products/1n4148ws-7-f/diodes-incorporated";"";"";"Diode Switching 150mA 75V 200mW SOD323 Diodes Inc 1N4148WS-7-F Switching Diode, 150mA 75V, 2-Pin SOD-323";"1.2mm";"Diodes Inc.";"1N4148WS-7-F";"";"";"621-1N4148WS-F";"https://www.mouser.co.uk/ProductDetail/Diodes-Incorporated/1N4148WS-7-F?qs=4drIV0IxA0r8aNy7%2Fu4kVw%3D%3D";"";"";"";"";"";"";"";"";"";"";"";"";
"D4";"TPSQTP20R";"TPSQTP20R";"TP20R";"Test pad";"";"";"";"";"";"";"";"";"";"";"";"";"";"";"";"";"";"";"";"";"";"";"";"";
"FULL";"";"LED-5MM-REC5MM";"LED_5MM";"LED (Generic)";"";"";"";"";"";"";"";"";"";"";"";"";"";"";"";"";"";"";"";"";"";"";"";"";
"GOLD_ORB_SM1";"OSHWLOGOLOGO16MM";"OSHWLOGOLOGO16MM";"OSHW_16MM";"The OSHW logo for PCB layout";"";"";"";"";"";"";"";"";"";"";"";"";"";"";"";"";"";"";"";"";"";"";"";"";
"IC2";"STM8S003F3P6";"STM8S003F3P6";"SOP65P640X120-20N";"STMICROELECTRONICS - STM8S003F3P6 - MCU, 8BIT, STM8, 16MHZ, TSSOP-20";"STM8S003F3P6";"https://www.arrow.com/en/products/stm8s003f3p6/stmicroelectronics";"";"";"STMICROELECTRONICS - STM8S003F3P6 - MCU, 8BIT, STM8, 16MHZ, TSSOP-20";"1.2mm";"STMicroelectronics";"STM8S003F3P6";"";"";"511-STM8S003F3P6";"https://www.mouser.co.uk/ProductDetail/STMicroelectronics/STM8S003F3P6?qs=vV0pr1uq7fD%252BGii5YhjnYw%3D%3D";"";"";"";"";"";"";"";"";"";"";"";"";
"J1";"";"2PIN-2.54MM-POLARPOLAR";"MOLEX-1X2";"Multi connection point. Often used as Generic Header-pin footprint for 0.1 inch spaced/style header connections";"";"";"";"";"";"";"";"";"";"";"";"";"";"";"";"";"";"";"";"";"PRT-09918";"";"";"";
"J2";"";"CONN_04PTH";"1X04";"Multi connection point. Often used as Generic Header-pin footprint for 0.1 inch spaced/style header connections";"";"";"";"";"";"";"";"";"";"";"";"";"";"";"";"";"";"";"";"CONN-09696";"";"";"";"";
"J3";"";"2PIN-2.54MM-POLARPOLAR";"MOLEX-1X2";"Multi connection point. Often used as Generic Header-pin footprint for 0.1 inch spaced/style header connections";"";"";"";"";"";"";"";"";"";"";"";"";"";"";"";"";"";"";"";"";"PRT-09918";"";"";"";
"J4";"";"CONN_04PTH";"1X04";"Multi connection point. Often used as Generic Header-pin footprint for 0.1 inch spaced/style header connections";"";"";"";"";"";"";"";"";"";"";"";"";"";"";"";"";"";"";"";"CONN-09696";"";"";"";"";
"J5";"";"6_PIN_SERIAL_TARGETSILK";"6_PIN_SERIAL_TARGET_SIDE_W_SILK";"6-pin header connection for use with the "FTDI BASIC" pinout - TARGET SIDE.";"";"";"";"";"";"";"";"";"";"";"";"";"";"";"";"";"";"";"";"";"";"";"";"";
"JMP1";"";"JMP-3-NO";"JMP-3-NO";"Three Terminal Jumper - Normally Open";"";"";"";"EXCLUDE";"";"";"";"";"";"";"";"";"";"";"";"";"";"";"";"";"";"";"";"";
"K1";"RELAY-SPDT";"RELAY-SPDT";"RELAY_G5LE";"SPDT Electromechanical Relay";"";"";"";"";"";"";"";"";"";"";"";"";"";"";"";"";"";"";"";"COMP-14214";"";"";"";"";
"LOW";"";"LED-5MM-REC5MM";"LED_5MM";"LED (Generic)";"";"";"";"";"";"";"";"";"";"";"";"";"";"";"";"";"";"";"";"";"";"";"";"";
"MOTOR";"";"SCREW-CONN_03-SCREW-5MM";"SCREWTERMINAL-5MM-3";"Multi connection point. Often used as Generic Header-pin footprint for 0.1 inch spaced/style header connections";"";"";"";"";"";"";"";"";"";"";"";"";"";"";"";"";"";"";"";"CONN-10134";"";"PRT-08433";"";"";
"PS1";"HLK-PM03";"HLK-PM03";"CONV_HLK-PM03";"AC DC 3W power module";"";"";"Unavailable";"";" ";"";"";"";"Hi-link";"";"";"";"HLK-PM03";"";"";"";"Package ";"";"None";"";"";"";"";"";
"Q1";"";"TRANSISTOR_NPNWIDE";"SOT23-WIDE";"NPN Transistor";"";"";"";"";"";"";"";"";"";"";"";"";"";"";"";"";"";"";"";"";"";"";"";"";
"Q2";"";"TRANSISTOR_NPNWIDE";"SOT23-WIDE";"NPN Transistor";"";"";"";"";"";"";"";"";"";"";"";"";"";"";"";"";"";"";"";"";"";"";"";"";
"R1";"10K";"RESISTOR0805";"R0805";"Resistors";"";"";"";"";"";"";"";"";"";"";"";"";"";"";"";"";"";"";"";"";"";"";"";"";
"R2";"10K";"RESISTOR0805";"R0805";"Resistors";"";"";"";"";"";"";"";"";"";"";"";"";"";"";"";"";"";"";"";"";"";"";"";"";
"R3";"10K";"RESISTOR0805";"R0805";"Resistors";"";"";"";"";"";"";"";"";"";"";"";"";"";"";"";"";"";"";"";"";"";"";"";"";
"R4";"10K";"RESISTOR0805";"R0805";"Resistors";"";"";"";"";"";"";"";"";"";"";"";"";"";"";"";"";"";"";"";"";"";"";"";"";
"R5";"10K";"RESISTOR0805";"R0805";"Resistors";"";"";"";"";"";"";"";"";"";"";"";"";"";"";"";"";"";"";"";"";"";"";"";"";
"R6";"330";"RESISTOR0805";"R0805";"Resistors";"";"";"";"";"";"";"";"";"";"";"";"";"";"";"";"";"";"";"";"";"";"";"";"";
"R7";"330";"RESISTOR0805";"R0805";"Resistors";"";"";"";"";"";"";"";"";"";"";"";"";"";"";"";"";"";"";"";"";"";"";"";"";
"R8";"330";"RESISTOR0805";"R0805";"Resistors";"";"";"";"";"";"";"";"";"";"";"";"";"";"";"";"";"";"";"";"";"";"";"";"";
"R9";"10K";"RESISTOR0805";"R0805";"Resistors";"";"";"";"";"";"";"";"";"";"";"";"";"";"";"";"";"";"";"";"";"";"";"";"";
"R10";"10K";"RESISTOR0805";"R0805";"Resistors";"";"";"";"";"";"";"";"";"";"";"";"";"";"";"";"";"";"";"";"";"";"";"";"";
"SCL";"TPSQTP20R";"TPSQTP20R";"TP20R";"Test pad";"";"";"";"";"";"";"";"";"";"";"";"";"";"";"";"";"";"";"";"";"";"";"";"";
"SDA";"TPSQTP20R";"TPSQTP20R";"TP20R";"Test pad";"";"";"";"";"";"";"";"";"";"";"";"";"";"";"";"";"";"";"";"";"";"";"";"";
"SG1";"F/TMB";"F/TMB";"F/TMB";"BUZZER Source: Buerklin";"";"";"";"";"";"";"";"";"";"";"";"";"";"";"unknown";"unknown";"";"1";"";"";"";"";"";"";
"SYS";"";"LED-5MM-REC5MM";"LED_5MM";"LED (Generic)";"";"";"";"";"";"";"";"";"";"";"";"";"";"";"";"";"";"";"";"";"";"";"";"";
"TANK";"";"SCREW-CONN_03-SCREW-5MM";"SCREWTERMINAL-5MM-3";"Multi connection point. Often used as Generic Header-pin footprint for 0.1 inch spaced/style header connections";"";"";"";"";"";"";"";"";"";"";"";"";"";"";"";"";"";"";"";"CONN-10134";"";"PRT-08433";"";"";
"VR1";"LM1117MPX-3.3";"LM1117MPX-3.3";"VREG_LM1117MPX-3.3";"800-mA 15-V linear voltage regulator 4-SOT-223 0 to 125  Check prices";"";"";"Warning";"";" 800-mA 15-V linear voltage regulator 4-SOT-223 ";"";"";"";"Texas Instruments";"https://snapeda.com/shop?store=Mouser&id=78946";"";"";"LM1117MPX-3.3";"";"";"";"SOT-223-4 Texas Instruments";"";"None";"";"";"";"https://snapeda.com/shop?store=Texas+Instruments&id=78946";"";
